-- --------------------------------------------------------
-- 호스트:                          3.34.33.114
-- 서버 버전:                        10.1.48-MariaDB-0ubuntu0.18.04.1 - Ubuntu 18.04
-- 서버 OS:                        debian-linux-gnu
-- HeidiSQL 버전:                  12.3.0.6589
-- --------------------------------------------------------

/*!40101 SET @OLD_CHARACTER_SET_CLIENT=@@CHARACTER_SET_CLIENT */;
/*!40101 SET NAMES utf8 */;
/*!50503 SET NAMES utf8mb4 */;
/*!40103 SET @OLD_TIME_ZONE=@@TIME_ZONE */;
/*!40103 SET TIME_ZONE='+00:00' */;
/*!40014 SET @OLD_FOREIGN_KEY_CHECKS=@@FOREIGN_KEY_CHECKS, FOREIGN_KEY_CHECKS=0 */;
/*!40101 SET @OLD_SQL_MODE=@@SQL_MODE, SQL_MODE='NO_AUTO_VALUE_ON_ZERO' */;
/*!40111 SET @OLD_SQL_NOTES=@@SQL_NOTES, SQL_NOTES=0 */;


-- userboard 데이터베이스 구조 내보내기
DROP DATABASE IF EXISTS `userboard`;
CREATE DATABASE IF NOT EXISTS `userboard` /*!40100 DEFAULT CHARACTER SET utf8 */;
USE `userboard`;

-- 테이블 userboard.board 구조 내보내기
DROP TABLE IF EXISTS `board`;
CREATE TABLE IF NOT EXISTS `board` (
  `board_no` int(11) NOT NULL AUTO_INCREMENT,
  `local_name` varchar(50) NOT NULL,
  `board_title` varchar(200) NOT NULL,
  `board_content` text NOT NULL,
  `member_id` varchar(50) NOT NULL,
  `createdate` datetime NOT NULL,
  `updatedate` datetime NOT NULL,
  PRIMARY KEY (`board_no`),
  KEY `FK_board_member` (`member_id`),
  KEY `FK_board_local` (`local_name`),
  CONSTRAINT `FK_board_local` FOREIGN KEY (`local_name`) REFERENCES `local` (`local_name`) ON DELETE CASCADE ON UPDATE CASCADE,
  CONSTRAINT `FK_board_member` FOREIGN KEY (`member_id`) REFERENCES `member` (`member_id`) ON DELETE CASCADE ON UPDATE CASCADE
) ENGINE=InnoDB AUTO_INCREMENT=1044 DEFAULT CHARSET=utf8;

-- 테이블 데이터 userboard.board:~28 rows (대략적) 내보내기
INSERT INTO `board` (`board_no`, `local_name`, `board_title`, `board_content`, `member_id`, `createdate`, `updatedate`) VALUES
	(1015, '부산', '합천돼지국밥', '현지인 추천 맛집', 'admin', '2023-08-09 00:14:55', '2023-08-09 00:14:55'),
	(1016, '부산', '해운대 빨간떡볶이', '현지인 추천 맛집', 'admin', '2023-08-09 00:16:33', '2023-08-09 00:16:33'),
	(1017, '대구', '왕거미식당', '현지인 추천 맛집', 'admin', '2023-08-09 00:18:51', '2023-08-09 00:18:51'),
	(1018, '부산', '해운대 소문난암소갈비', '현지인 추천 맛집', 'admin', '2023-08-09 00:20:25', '2023-08-09 00:20:25'),
	(1019, '부산', '동키치킨', '현지인 추천 맛집 ', 'admin', '2023-08-09 00:23:02', '2023-08-09 00:23:02'),
	(1020, '전주', '호성순대', '현지인 추천 맛집', 'admin', '2023-08-09 00:26:41', '2023-08-09 00:26:41'),
	(1021, '전주', '전주물갈비 평화점', '현지인 추천 맛집', 'admin', '2023-08-09 00:27:33', '2023-08-09 00:27:33'),
	(1022, '대전', '태평소국밥', '현지인 추천 맛집', 'admin', '2023-08-09 00:30:45', '2023-08-09 00:30:45'),
	(1023, '대전', '온유네닭매운탕', '현지인 추천 맛집', 'admin', '2023-08-09 00:31:28', '2023-08-09 00:31:28'),
	(1024, '경주', '밀면식당', '현지인 추천 맛집', 'admin', '2023-08-09 00:33:11', '2023-08-09 00:33:11'),
	(1025, '경주', '장군암소숯불', '현지인 추천 맛집', 'admin', '2023-08-09 00:34:36', '2023-08-09 00:34:36'),
	(1026, '경주', '남정부일식당', '현지인 추천 맛집', 'admin', '2023-08-09 00:35:03', '2023-08-09 00:35:03'),
	(1027, '부천', '크라이 치즈버거', '현지인 추천 맛집  ', 'admin', '2023-08-09 00:38:27', '2023-08-09 00:38:27'),
	(1028, '부천', '돈가스온기', '현지인 추천 맛집', 'admin', '2023-08-09 00:39:47', '2023-08-09 00:39:47'),
	(1029, '부천', '봄봄', '현지인 추천 맛집', 'admin', '2023-08-09 00:40:49', '2023-08-09 00:40:49'),
	(1030, '인천', '청실홍실', '현지인 추천 맛집', 'admin', '2023-08-09 00:41:46', '2023-08-09 00:41:46'),
	(1032, '춘천', '토담숯불닭갈비', '현지인 추천 맛집', 'admin', '2023-08-09 00:49:49', '2023-08-09 00:49:49'),
	(1033, '춘천', '1.5닭갈비', '현지인 추천 맛집', 'admin', '2023-08-09 00:51:10', '2023-08-09 00:51:10'),
	(1034, '춘천', '명동우미닭갈비', '현지인 추천 맛집', 'admin', '2023-08-09 00:52:12', '2023-08-09 00:52:12'),
	(1035, '부천', '성북동 왕돈까스', '현지인 추천 맛집', 'admin', '2023-08-09 00:54:02', '2023-08-09 00:54:02'),
	(1036, '인천', '이화순대', '현지인 추천 맛집', 'admin', '2023-08-09 00:55:08', '2023-08-09 00:55:08'),
	(1037, '춘천', '유포리막국수', '현지인 추천 맛집', 'admin', '2023-08-14 09:27:55', '2023-08-14 09:27:55'),
	(1038, '춘천', '회영루', '현지인 추천 맛집', 'admin', '2023-08-14 09:28:22', '2023-08-14 09:28:22'),
	(1039, '부천', '미쓰발랑코', '현지인 추천 맛집', 'admin', '2023-08-14 09:29:08', '2023-08-14 09:29:08'),
	(1040, '인천', '선녀풍', '현지인 추천 맛집', 'admin', '2023-08-14 09:30:46', '2023-08-14 09:30:46'),
	(1041, '인천', '신승반점', '현지인 추천 맛집', 'admin', '2023-08-14 09:31:19', '2023-08-14 09:31:19'),
	(1042, '부천', '미우치', '현지인 추천 맛집', 'admin', '2023-08-14 09:31:38', '2023-08-14 09:31:38'),
	(1043, '인천', '온센', '현지인 추천 맛집', 'admin', '2023-08-14 09:32:08', '2023-08-14 09:32:08');

-- 테이블 userboard.comment 구조 내보내기
DROP TABLE IF EXISTS `comment`;
CREATE TABLE IF NOT EXISTS `comment` (
  `comment_no` int(11) NOT NULL AUTO_INCREMENT,
  `board_no` int(11) NOT NULL,
  `comment_content` text NOT NULL,
  `member_id` varchar(50) NOT NULL,
  `createdate` datetime NOT NULL,
  `updatedate` datetime NOT NULL,
  PRIMARY KEY (`comment_no`),
  KEY `FK_comment_member` (`member_id`),
  KEY `FK_comment_board` (`board_no`),
  CONSTRAINT `FK_comment_board` FOREIGN KEY (`board_no`) REFERENCES `board` (`board_no`) ON DELETE CASCADE ON UPDATE CASCADE,
  CONSTRAINT `FK_comment_member` FOREIGN KEY (`member_id`) REFERENCES `member` (`member_id`) ON DELETE CASCADE ON UPDATE CASCADE
) ENGINE=InnoDB AUTO_INCREMENT=203 DEFAULT CHARSET=utf8;

-- 테이블 데이터 userboard.comment:~84 rows (대략적) 내보내기
INSERT INTO `comment` (`comment_no`, `board_no`, `comment_content`, `member_id`, `createdate`, `updatedate`) VALUES
	(114, 1027, '꼭 한번 가봐야겠네요', 'admin', '2023-08-09 00:56:07', '2023-08-09 00:56:07'),
	(115, 1028, '가까운데 한번 가봐야겠네요!!', 'user1', '2023-08-11 14:35:29', '2023-08-11 14:35:29'),
	(117, 1035, '시간을 잘못 맞추면 사람이 많은곳이더라구요', 'user1', '2023-08-11 14:37:59', '2023-08-11 14:37:59'),
	(118, 1036, '인천 갈 일 있으면 가봐야겠네요', 'user1', '2023-08-11 14:38:34', '2023-08-11 14:38:34'),
	(119, 1026, '경주는 학교에서 간 적 말고는 없는거 같네요', 'user1', '2023-08-11 14:39:38', '2023-08-11 14:39:38'),
	(120, 1034, '닭갈비 먹어보고 싶네요!!', 'user1', '2023-08-11 14:40:14', '2023-08-11 14:40:14'),
	(121, 1033, '예전엔 자주 갔었는데 요즘엔 안간지 꽤 됬네요', 'user1', '2023-08-11 14:41:13', '2023-08-11 14:41:13'),
	(122, 1032, '숯불 닭갈비를 좋아하면 추천!!', 'user1', '2023-08-11 14:41:33', '2023-08-11 14:41:33'),
	(123, 1030, '면을 좋아하는 사람한테 강추합니다. 만두도 맛있습니다.', 'user1', '2023-08-11 14:42:58', '2023-08-11 14:42:58'),
	(124, 1029, '이런곳이 있었군요? 한번 가봐야겠네요', 'user1', '2023-08-11 14:43:42', '2023-08-11 14:43:42'),
	(125, 1015, '돼지국밥 또 먹고싶네요!!', 'user1', '2023-08-11 14:44:23', '2023-08-11 14:44:23'),
	(126, 1016, '분식 좋아하면 추천합니다!!', 'user1', '2023-08-11 14:44:37', '2023-08-11 14:44:37'),
	(127, 1017, '뭉티기, 오드레기 맛집 강추!!', 'user1', '2023-08-11 14:45:07', '2023-08-11 14:45:07'),
	(128, 1018, '가격대비 양이 너무 적은게 아쉽더라고요', 'user1', '2023-08-11 14:46:59', '2023-08-11 14:46:59'),
	(129, 1019, '괜찮은 가게입니다!!', 'user1', '2023-08-11 14:48:04', '2023-08-11 14:48:04'),
	(130, 1020, '저는 개인적으로 여기가 제일 맛있었습니다.', 'user1', '2023-08-11 14:48:23', '2023-08-11 14:48:23'),
	(131, 1021, '전주에서 생각보다 맛있게 먹었던 음식!!', 'user1', '2023-08-11 14:48:59', '2023-08-11 14:48:59'),
	(132, 1022, '술이랑 같이 먹으면 더 맛있습니다!!', 'user1', '2023-08-11 14:49:44', '2023-08-11 14:49:44'),
	(133, 1023, '맵찔이도 젓가락을 놓지 못하게 하는 닭매운탕', 'user1', '2023-08-11 14:50:28', '2023-08-11 14:50:28'),
	(134, 1024, '비빔이 조금 더 맛있었습니다.', 'user1', '2023-08-11 14:51:04', '2023-08-11 14:51:04'),
	(135, 1025, '존맛이고 가격 좋습니다!!', 'user1', '2023-08-11 14:51:43', '2023-08-11 14:51:43'),
	(136, 1043, '백종원 골목식당 나온 가게네요!!', 'user1', '2023-08-14 09:33:44', '2023-08-14 09:33:44'),
	(137, 1043, '저도 방송 봤어요', 'user2', '2023-08-14 09:34:17', '2023-08-14 09:34:17'),
	(138, 1042, '회사랑 가까워서 자주 가는 곳이네요', 'user1', '2023-08-14 09:34:55', '2023-08-14 09:34:55'),
	(139, 1041, '저희 지역 맛집이네요', 'user1', '2023-08-14 09:35:08', '2023-08-14 09:35:08'),
	(140, 1040, '이런 가게가 있었군요?', 'user1', '2023-08-14 09:35:24', '2023-08-14 09:35:24'),
	(141, 1037, '검색해봤더니 맛있어 보이네요', 'user1', '2023-08-14 09:35:45', '2023-08-14 09:35:45'),
	(142, 1039, '이런 가게가 있었다니..', 'user1', '2023-08-14 09:36:15', '2023-08-14 09:36:15'),
	(143, 1026, '경주 오랜만에 가볼까?', 'user2', '2023-08-14 09:38:02', '2023-08-14 09:38:02'),
	(144, 1025, '숯불은 먹어본적이 없어서 궁금하네요', 'user2', '2023-08-14 09:38:50', '2023-08-14 09:38:50'),
	(145, 1024, '밀면 맛있겠네요', 'user2', '2023-08-14 09:40:02', '2023-08-14 09:40:02'),
	(146, 1017, '한번도 먹어본적이 없어서 맛이 궁금하군요', 'user2', '2023-08-14 09:40:40', '2023-08-14 09:40:40'),
	(147, 1023, '그 온유는 아니죠?', 'user2', '2023-08-14 09:42:16', '2023-08-14 09:42:16'),
	(148, 1022, '국밥에 소주 캬하~', 'user2', '2023-08-14 09:43:42', '2023-08-14 09:43:42'),
	(149, 1019, '수도권에서도 본듯한 이름이네요?', 'user2', '2023-08-14 09:44:23', '2023-08-14 09:44:23'),
	(150, 1018, '그래도 맛은 있습니다', 'user2', '2023-08-14 09:45:27', '2023-08-14 09:45:27'),
	(151, 1016, '옛날 떡볶이 맛 !!', 'user2', '2023-08-14 09:45:49', '2023-08-14 09:45:49'),
	(152, 1015, '국밥에 소주 캬하~', 'user2', '2023-08-14 09:46:06', '2023-08-14 09:46:06'),
	(153, 1042, '스시 좋아하면 추천!!', 'user2', '2023-08-14 09:46:35', '2023-08-14 09:46:35'),
	(154, 1039, '짜글이 맛집!!', 'user2', '2023-08-14 09:47:08', '2023-08-14 09:47:08'),
	(156, 1035, '양이 많아서 저도 자주 가요!!', 'user2', '2023-08-14 09:49:35', '2023-08-14 09:49:35'),
	(157, 1029, '한정식 맛집입니다!!', 'user2', '2023-08-14 09:51:18', '2023-08-14 09:51:18'),
	(158, 1028, '일본식 돈까스 좋아하면 추천!!', 'user2', '2023-08-14 09:52:01', '2023-08-14 09:52:01'),
	(159, 1027, '맛있다는 얘기가 들리더라고요', 'user2', '2023-08-14 09:52:17', '2023-08-14 09:52:17'),
	(160, 1041, '차이나타운 맛집', 'user2', '2023-08-14 09:52:45', '2023-08-14 09:52:45'),
	(163, 1040, '영종도 을왕리 물회 맛집!!', 'user2', '2023-08-14 09:55:22', '2023-08-14 09:55:22'),
	(164, 1036, '순대국 맛집!!', 'user2', '2023-08-14 09:56:06', '2023-08-14 09:56:06'),
	(165, 1030, '모밀국수 맛집!!', 'user2', '2023-08-14 09:56:28', '2023-08-14 09:56:28'),
	(166, 1021, '방송에도 나온 곳!!', 'user2', '2023-08-14 09:57:06', '2023-08-14 09:57:06'),
	(167, 1020, '전주에서 여기가 제일 낫더라고요', 'user2', '2023-08-14 09:57:42', '2023-08-14 09:57:42'),
	(168, 1038, '생활의 달인에 나온 맛집!!', 'user2', '2023-08-14 09:58:19', '2023-08-14 09:58:19'),
	(170, 1037, '춘천 3대 막국수!!', 'user2', '2023-08-14 09:59:07', '2023-08-14 09:59:07'),
	(171, 1034, '돌돌말이볶음밥 꼭 먹어보세요!!', 'user2', '2023-08-14 09:59:46', '2023-08-14 09:59:46'),
	(172, 1033, '맛집 치고는 저렴한 편에 속해요', 'user2', '2023-08-14 10:00:41', '2023-08-14 10:00:41'),
	(173, 1032, '실내 되게 넓음', 'user2', '2023-08-14 10:01:39', '2023-08-14 10:01:39'),
	(174, 1038, '중국냉면이 유명함', 'user1', '2023-08-14 10:02:35', '2023-08-14 10:02:35'),
	(175, 1026, '낙지와 고기가 같이 나오는 맛집!!', 'user3', '2023-08-14 10:11:25', '2023-08-14 10:11:25'),
	(176, 1025, '숯불 닭갈비는 꼭 먹어보고 싶네요', 'user3', '2023-08-14 10:12:09', '2023-08-14 10:12:09'),
	(177, 1024, '비주얼이 좋네요', 'user3', '2023-08-14 10:12:33', '2023-08-14 10:12:33'),
	(178, 1017, '처음 보는 음식이네요!!', 'user3', '2023-08-14 10:12:50', '2023-08-14 10:12:50'),
	(179, 1023, '그 온유 아닙니다!!', 'user3', '2023-08-14 10:13:02', '2023-08-14 10:13:02'),
	(180, 1022, '태평소? 태평중? 태평대?', 'user3', '2023-08-14 10:13:22', '2023-08-14 10:13:22'),
	(181, 1019, '슈렉에 나오는 동키?', 'user3', '2023-08-14 10:13:48', '2023-08-14 10:13:48'),
	(182, 1018, '비싼 단백질..', 'user3', '2023-08-14 10:14:30', '2023-08-14 10:14:30'),
	(183, 1016, '맜있더라고요', 'user3', '2023-08-14 10:14:53', '2023-08-14 10:14:53'),
	(184, 1015, '부산은 돼지국밥!!', 'user3', '2023-08-14 10:15:10', '2023-08-14 10:15:10'),
	(185, 1035, '요즘도 사람 많나요? 예전에는 줄 섰었는데', 'user3', '2023-08-14 10:15:34', '2023-08-14 10:15:34'),
	(186, 1042, '이런곳이 있었구나?', 'user3', '2023-08-14 10:15:51', '2023-08-14 10:15:51'),
	(187, 1039, '짜글이 맜있는데 멀다..', 'user3', '2023-08-14 10:16:10', '2023-08-14 10:16:10'),
	(188, 1029, '한식 좋아하는데 가봐야지~', 'user3', '2023-08-14 10:16:25', '2023-08-14 10:16:25'),
	(189, 1028, '비주얼 좋네요!!', 'user3', '2023-08-14 10:16:39', '2023-08-14 10:16:39'),
	(190, 1027, '검색하다가 본적이 있네요', 'user3', '2023-08-14 10:16:54', '2023-08-14 10:16:54'),
	(191, 1043, '방송에 나온곳이구나', 'user3', '2023-08-14 10:17:13', '2023-08-14 10:17:13'),
	(192, 1041, '차이나타운에서 공화춘 후손이 운영하는 식당!!', 'user3', '2023-08-14 10:17:22', '2023-08-14 10:17:22'),
	(193, 1040, '물회 맛있겠다', 'user3', '2023-08-14 10:17:44', '2023-08-14 10:17:44'),
	(194, 1036, '순대국에 소주 캬하~', 'user3', '2023-08-14 10:17:59', '2023-08-14 10:17:59'),
	(195, 1030, '국수를 별로 안좋아해서 패스~', 'user3', '2023-08-14 10:18:26', '2023-08-14 10:18:26'),
	(196, 1020, '예전 맛집들은 맛이 다 변했다던데 이곳은 괜찮나보네요?', 'user3', '2023-08-14 10:18:52', '2023-08-14 10:18:52'),
	(197, 1021, '맵나요??', 'user3', '2023-08-14 10:19:09', '2023-08-14 10:19:09'),
	(198, 1038, '중국 냉면은 일반 냉면이랑 다른가요?', 'user3', '2023-08-14 10:19:59', '2023-08-14 10:19:59'),
	(199, 1037, '막국수 좋아하는데 ㅎㅎ', 'user3', '2023-08-14 10:20:17', '2023-08-14 10:20:17'),
	(200, 1034, '볶음밥 신기하네요', 'user3', '2023-08-14 10:20:32', '2023-08-14 10:20:32'),
	(201, 1033, '검색하면 나오던데 맛있나요?', 'user3', '2023-08-14 10:20:54', '2023-08-14 10:20:54'),
	(202, 1032, '숯불 닭갈비 궁금하다', 'user3', '2023-08-14 10:21:14', '2023-08-14 10:21:14');

-- 테이블 userboard.local 구조 내보내기
DROP TABLE IF EXISTS `local`;
CREATE TABLE IF NOT EXISTS `local` (
  `local_name` varchar(50) NOT NULL,
  `createdate` datetime NOT NULL,
  `updatedate` datetime NOT NULL,
  PRIMARY KEY (`local_name`)
) ENGINE=InnoDB DEFAULT CHARSET=utf8;

-- 테이블 데이터 userboard.local:~9 rows (대략적) 내보내기
INSERT INTO `local` (`local_name`, `createdate`, `updatedate`) VALUES
	('경주', '2023-08-09 00:32:49', '2023-08-09 00:32:49'),
	('대구', '2023-08-09 00:18:27', '2023-08-09 00:18:27'),
	('대전', '2023-08-09 00:28:56', '2023-08-09 00:28:56'),
	('부산', '2023-08-09 00:11:12', '2023-08-09 00:11:12'),
	('부천', '2023-08-09 00:38:03', '2023-08-09 00:38:03'),
	('시흥', '2023-08-09 00:45:36', '2023-08-09 00:45:36'),
	('인천', '2023-08-09 00:41:28', '2023-08-09 00:41:28'),
	('전주', '2023-08-09 00:24:18', '2023-08-09 00:24:18'),
	('춘천', '2023-08-09 00:01:37', '2023-08-09 00:01:37');

-- 테이블 userboard.member 구조 내보내기
DROP TABLE IF EXISTS `member`;
CREATE TABLE IF NOT EXISTS `member` (
  `member_id` varchar(50) NOT NULL,
  `member_pw` varchar(50) NOT NULL,
  `createdate` datetime NOT NULL,
  `updatedate` datetime NOT NULL,
  PRIMARY KEY (`member_id`)
) ENGINE=InnoDB DEFAULT CHARSET=utf8;

-- 테이블 데이터 userboard.member:~4 rows (대략적) 내보내기
INSERT INTO `member` (`member_id`, `member_pw`, `createdate`, `updatedate`) VALUES
	('admin', '*A4B6157319038724E3560894F7F932C8886EBFCF', '2023-08-07 13:58:22', '2023-08-07 14:24:14'),
	('user1', '*A4B6157319038724E3560894F7F932C8886EBFCF', '2023-08-11 14:34:52', '2023-08-11 14:34:52'),
	('user2', '*A4B6157319038724E3560894F7F932C8886EBFCF', '2023-08-14 09:34:00', '2023-08-14 09:34:00'),
	('user3', '*A4B6157319038724E3560894F7F932C8886EBFCF', '2023-08-14 10:10:02', '2023-08-14 10:10:02');

/*!40103 SET TIME_ZONE=IFNULL(@OLD_TIME_ZONE, 'system') */;
/*!40101 SET SQL_MODE=IFNULL(@OLD_SQL_MODE, '') */;
/*!40014 SET FOREIGN_KEY_CHECKS=IFNULL(@OLD_FOREIGN_KEY_CHECKS, 1) */;
/*!40101 SET CHARACTER_SET_CLIENT=@OLD_CHARACTER_SET_CLIENT */;
/*!40111 SET SQL_NOTES=IFNULL(@OLD_SQL_NOTES, 1) */;
